"translation_key","source_type","route","owner","status"
"nav.flagship","dictionary","Dashboard","i18n","localized"
"nav.simulations","dictionary","Dashboard","i18n","localized"
"sidebar.ai_mentor","dictionary","Dashboard","i18n","localized"
"sidebar.plan_label","dictionary","Dashboard","i18n","localized"
"sidebar.hr_path","dictionary","Dashboard","i18n","localized"
"sidebar.career_progress","dictionary","Dashboard","i18n","localized"
"sidebar.founder_center","dictionary","Dashboard","i18n","localized"
"sidebar.help","dictionary","Dashboard","i18n","localized"
"pm.eng_name","dictionary","Homepage","i18n","localized"
"pm.eng_tag","dictionary","Homepage","i18n","localized"
"pm.eng_desc","dictionary","Homepage","i18n","localized"
"pm.biz_name","dictionary","Homepage","i18n","localized"
"pm.biz_tag","dictionary","Homepage","i18n","localized"
"pm.biz_desc","dictionary","Homepage","i18n","localized"
"pm.gov_name","dictionary","Homepage","i18n","localized"
"pm.gov_tag","dictionary","Homepage","i18n","localized"
"pm.gov_desc","dictionary","Homepage","i18n","localized"
"pm.human_name","dictionary","Homepage","i18n","localized"
"pm.human_tag","dictionary","Homepage","i18n","localized"
"pm.human_desc","dictionary","Homepage","i18n","localized"
"pm.badge","dictionary","Homepage","i18n","localized"
"programs.title","dictionary","Homepage","i18n","localized"
"programs.subtitle","dictionary","Homepage","i18n","localized"
"pm.count_programs","dictionary","Homepage","i18n","localized"
"pm.more","dictionary","Homepage","i18n","localized"
"pm.explore","dictionary","Homepage","i18n","localized"
"pm.sim_label","dictionary","Homepage","i18n","localized"
"pm.sim_title","dictionary","Homepage","i18n","localized"
"pm.sim_desc","dictionary","Homepage","i18n","localized"
"pm.view_sims","dictionary","Homepage","i18n","localized"
"pm.unlock_l500","dictionary","Homepage","i18n","localized"
"pm.foundation_label","dictionary","Homepage","i18n","localized"
"pm.foundation_title","dictionary","Homepage","i18n","localized"
"pm.foundation_desc","dictionary","Homepage","i18n","localized"
"pm.browse_foundation","dictionary","Homepage","i18n","localized"
"se.exit","dictionary","Simulations","i18n","localized"
"se.your_role","dictionary","Simulations","i18n","localized"
"se.company","dictionary","Simulations","i18n","localized"
"se.briefing","dictionary","Simulations","i18n","localized"
"se.people","dictionary","Simulations","i18n","localized"
"se.success","dictionary","Simulations","i18n","localized"
"se.launch","dictionary","Simulations","i18n","localized"
"se.tools","dictionary","Simulations","i18n","localized"
"se.placeholder","dictionary","Simulations","i18n","localized"
"se.send","dictionary","Simulations","i18n","localized"
"se.turn","dictionary","Simulations","i18n","localized"
"se.evaluating","dictionary","Simulations","i18n","localized"
"se.reviewing","dictionary","Simulations","i18n","localized"
"se.xp","dictionary","Simulations","i18n","localized"
"se.strengths","dictionary","Simulations","i18n","localized"
"se.improve","dictionary","Simulations","i18n","localized"
"se.key_decisions","dictionary","Simulations","i18n","localized"
"se.back_sims","dictionary","Simulations","i18n","localized"
"se.retry","dictionary","Simulations","i18n","localized"
"creed.heading","dictionary","Other","i18n","localized"
"creed.welcome_back","dictionary","Other","i18n","localized"
"creed.intro","dictionary","Other","i18n","localized"
"creed.values_line","dictionary","Other","i18n","localized"
"creed.scroll_hint","dictionary","Other","i18n","localized"
"creed.ack_aria","dictionary","Other","i18n","localized"
"creed.ack_label","dictionary","Other","i18n","localized"
"creed.entering","dictionary","Other","i18n","localized"
"creed.enter_btn","dictionary","Other","i18n","localized"
"creed.read_full","dictionary","Other","i18n","localized"
"footer.tagline","dictionary","Homepage","i18n","localized"
"footer.blurb","dictionary","Homepage","i18n","localized"
"footer.schools_h","dictionary","Homepage","i18n","localized"
"footer.s_eng","dictionary","Homepage","i18n","localized"
"footer.s_biz","dictionary","Homepage","i18n","localized"
"footer.s_gov","dictionary","Homepage","i18n","localized"
"footer.s_human","dictionary","Homepage","i18n","localized"
"footer.platform_h","dictionary","Homepage","i18n","localized"
"footer.certifications","dictionary","Homepage","i18n","localized"
"footer.talent_network","dictionary","Homepage","i18n","localized"
"footer.pricing","dictionary","Homepage","i18n","localized"
"footer.employer_portal","dictionary","Homepage","i18n","localized"
"footer.student_portal","dictionary","Homepage","i18n","localized"
"footer.company_h","dictionary","Homepage","i18n","localized"
"footer.about","dictionary","Homepage","i18n","localized"
"footer.referral","dictionary","Homepage","i18n","localized"
"footer.community","dictionary","Homepage","i18n","localized"
"footer.feedback","dictionary","Homepage","i18n","localized"
"cta.start_journey","dictionary","Homepage","i18n","localized"
"cta.title","dictionary","Homepage","i18n","localized"
"cta.subtitle","dictionary","Homepage","i18n","localized"
"chatbot.greeting","dictionary","Homepage","i18n","localized"
"chatbot.error","dictionary","Homepage","i18n","localized"
"chatbot.subtitle","dictionary","Homepage","i18n","localized"
"chatbot.ready","dictionary","Homepage","i18n","localized"
"chatbot.placeholder","dictionary","Homepage","i18n","localized"
"header.enterprise","dictionary","Homepage","i18n","localized"
"header.founder","dictionary","Homepage","i18n","localized"
"header.back_portal","dictionary","Homepage","i18n","localized"
"header.done_day","dictionary","Homepage","i18n","localized"
"header.my_portal","dictionary","Homepage","i18n","localized"
"header.sign_in","dictionary","Homepage","i18n","localized"
"header.enroll","dictionary","Homepage","i18n","localized"
"career.badge","dictionary","Homepage","i18n","localized"
"career.title","dictionary","Homepage","i18n","localized"
"career.statement","dictionary","Homepage","i18n","localized"
"career.disclaimer","dictionary","Homepage","i18n","localized"
"career.enrolled","dictionary","Homepage","i18n","localized"
"career.cta","dictionary","Homepage","i18n","localized"
"career.enrolledSub","dictionary","Homepage","i18n","localized"
"career.ctaSub","dictionary","Homepage","i18n","localized"
"pay.completed_m1","dictionary","Pricing","i18n","localized"
"pay.completed_m1_sub","dictionary","Pricing","i18n","localized"
"pay.locked_title","dictionary","Pricing","i18n","localized"
"pay.locked_sub","dictionary","Pricing","i18n","localized"
"pay.your_selected","dictionary","Pricing","i18n","localized"
"pay.all_access","dictionary","Pricing","i18n","localized"
"pay.per_month","dictionary","Pricing","i18n","localized"
"pay.unlock_btn","dictionary","Pricing","i18n","localized"
"pay.secure","dictionary","Pricing","i18n","localized"
"pay.back_portal","dictionary","Pricing","i18n","localized"
"referral.link.loginRequired","dictionary","Other","i18n","localized"
"referral.link.login","dictionary","Other","i18n","localized"
"referral.link.title","dictionary","Other","i18n","localized"
"referral.link.referrals","dictionary","Other","i18n","localized"
"referral.link.share","dictionary","Other","i18n","localized"
"about.badge","dictionary","Homepage","i18n","localized"
"about.title","dictionary","Homepage","i18n","localized"
"about.p1","dictionary","Homepage","i18n","localized"
"about.founder","dictionary","Homepage","i18n","localized"
"founder.quote","dictionary","Homepage","i18n","localized"
"founder.bio.title","dictionary","Homepage","i18n","localized"
"founder.bio.p1","dictionary","Homepage","i18n","localized"
"founder.bio.p2","dictionary","Homepage","i18n","localized"
"staff.title","dictionary","Homepage","i18n","localized"
"staff.subtitle","dictionary","Homepage","i18n","localized"
"common.back","dictionary","Mobile nav","i18n","localized"
"enroll.gate.save_error","dictionary","Courses","i18n","localized"
"enroll.gate.title","dictionary","Courses","i18n","localized"
"enroll.gate.subtitle","dictionary","Courses","i18n","localized"
"enroll.gate.switch_locked","dictionary","Courses","i18n","localized"
"enroll.gate.switch_once","dictionary","Courses","i18n","localized"
"enroll.gate.module_free","dictionary","Courses","i18n","localized"
"enroll.gate.current","dictionary","Courses","i18n","localized"
"enroll.gate.saving","dictionary","Courses","i18n","localized"
"enroll.gate.start_with","dictionary","Courses","i18n","localized"
"enroll.gate.select_program","dictionary","Courses","i18n","localized"
"enroll.gate.upgrade_hint","dictionary","Courses","i18n","localized"
"quiz.err_load","dictionary","Program Details","i18n","localized"
"quiz.answer_all","dictionary","Program Details","i18n","localized"
"quiz.answer_all_desc","dictionary","Program Details","i18n","localized"
"quiz.congrats","dictionary","Program Details","i18n","localized"
"quiz.passed_desc","dictionary","Program Details","i18n","localized"
"quiz.not_yet","dictionary","Program Details","i18n","localized"
"quiz.not_yet_desc","dictionary","Program Details","i18n","localized"
"quiz.err_submit","dictionary","Program Details","i18n","localized"
"quiz.loading","dictionary","Program Details","i18n","localized"
"quiz.passed_title","dictionary","Program Details","i18n","localized"
"quiz.you_scored","dictionary","Program Details","i18n","localized"
"quiz.chapter_done","dictionary","Program Details","i18n","localized"
"quiz.video_done","dictionary","Program Details","i18n","localized"
"quiz.continue","dictionary","Program Details","i18n","localized"
"quiz.score_need","dictionary","Program Details","i18n","localized"
"quiz.try_again","dictionary","Program Details","i18n","localized"
"quiz.remediation","dictionary","Program Details","i18n","localized"
"quiz.remediation_desc","dictionary","Program Details","i18n","localized"
"quiz.reviewing","dictionary","Program Details","i18n","localized"
"quiz.of","dictionary","Program Details","i18n","localized"
"quiz.correct","dictionary","Program Details","i18n","localized"
"quiz.incorrect","dictionary","Program Details","i18n","localized"
"quiz.scenario","dictionary","Program Details","i18n","localized"
"quiz.explanation","dictionary","Program Details","i18n","localized"
"quiz.previous","dictionary","Program Details","i18n","localized"
"quiz.next","dictionary","Program Details","i18n","localized"
"quiz.retry","dictionary","Program Details","i18n","localized"
"quiz.back","dictionary","Program Details","i18n","localized"
"quiz.chapter_quiz","dictionary","Program Details","i18n","localized"
"quiz.video_quiz","dictionary","Program Details","i18n","localized"
"quiz.q_count_chapter","dictionary","Program Details","i18n","localized"
"quiz.q_count_video","dictionary","Program Details","i18n","localized"
"quiz.question_n","dictionary","Program Details","i18n","localized"
"quiz.answered","dictionary","Program Details","i18n","localized"
"quiz.submitting","dictionary","Program Details","i18n","localized"
"quiz.submit","dictionary","Program Details","i18n","localized"
"quiz.answer_all_inline","dictionary","Program Details","i18n","localized"
"blog.post1.category","dictionary","Homepage","i18n","localized"
"blog.post1.date","dictionary","Homepage","i18n","localized"
"blog.post1.read","dictionary","Homepage","i18n","localized"
"blog.post1.title","dictionary","Homepage","i18n","localized"
"blog.post2.category","dictionary","Homepage","i18n","localized"
"blog.post2.date","dictionary","Homepage","i18n","localized"
"blog.post2.read","dictionary","Homepage","i18n","localized"
"blog.post2.title","dictionary","Homepage","i18n","localized"
"blog.hub.label","dictionary","Homepage","i18n","localized"
"blog.hub.title","dictionary","Homepage","i18n","localized"
"res.resources","dictionary","Other","i18n","localized"
"res.glossary_terms","dictionary","Other","i18n","localized"
"res.free","dictionary","Other","i18n","localized"
"res.resources_label","dictionary","Other","i18n","localized"
"res.free_badge","dictionary","Other","i18n","localized"
"res.glossary_label","dictionary","Other","i18n","localized"
"res.key_terms","dictionary","Other","i18n","localized"
"res.hide","dictionary","Other","i18n","localized"
"res.show_terms","dictionary","Other","i18n","localized"
"res.glossary_search_pre","dictionary","Other","i18n","localized"
"res.glossary_search_post","dictionary","Other","i18n","localized"
"res.no_terms_pre","dictionary","Other","i18n","localized"
"res.no_terms_post","dictionary","Other","i18n","localized"
"res.title","dictionary","Other","i18n","localized"
"res.curated","dictionary","Other","i18n","localized"
"res.organized","dictionary","Other","i18n","localized"
"res.search","dictionary","Other","i18n","localized"
"res.matching","dictionary","Other","i18n","localized"
"res.clear","dictionary","Other","i18n","localized"
"res.search_results","dictionary","Other","i18n","localized"
"res.programs_label","dictionary","Other","i18n","localized"
"res.no_programs","dictionary","Other","i18n","localized"
"res.select_program","dictionary","Other","i18n","localized"
"res.footer","dictionary","Other","i18n","localized"
"certpanel.earned","dictionary","Certifications","i18n","localized"
"certpanel.verified","dictionary","Certifications","i18n","localized"
"certpanel.share","dictionary","Certifications","i18n","localized"
"certpanel.download","dictionary","Certifications","i18n","localized"
"certpanel.in_progress","dictionary","Certifications","i18n","localized"
"certpanel.ms_sub","dictionary","Certifications","i18n","localized"
"certpanel.req_progress","dictionary","Certifications","i18n","localized"
"certpanel.req1","dictionary","Certifications","i18n","localized"
"certpanel.req2","dictionary","Certifications","i18n","localized"
"certpanel.req3","dictionary","Certifications","i18n","localized"
"certpanel.req4","dictionary","Certifications","i18n","localized"
"certpanel.req5","dictionary","Certifications","i18n","localized"
"certpanel.locked","dictionary","Certifications","i18n","localized"
"modal.progress_title","dictionary","Dashboard","i18n","localized"
"modal.overall_completion","dictionary","Dashboard","i18n","localized"
"modal.chapter_progress","dictionary","Dashboard","i18n","localized"
"modal.lessons_completed","dictionary","Dashboard","i18n","localized"
"modal.recent_quiz","dictionary","Dashboard","i18n","localized"
"modal.no_quiz","dictionary","Dashboard","i18n","localized"
"modal.passed","dictionary","Dashboard","i18n","localized"
"modal.not_passed","dictionary","Dashboard","i18n","localized"
"modal.improvement","dictionary","Dashboard","i18n","localized"
"modal.improvement_desc","dictionary","Dashboard","i18n","localized"
"modal.status_advanced","dictionary","Dashboard","i18n","localized"
"modal.status_ontrack","dictionary","Dashboard","i18n","localized"
"modal.status_attention","dictionary","Dashboard","i18n","localized"
"modal.activity_streak","dictionary","Dashboard","i18n","localized"
"modal.current_streak","dictionary","Dashboard","i18n","localized"
"modal.days_since_reg","dictionary","Dashboard","i18n","localized"
"modal.study_consistency","dictionary","Dashboard","i18n","localized"
"modal.active_days","dictionary","Dashboard","i18n","localized"
"modal.registered","dictionary","Dashboard","i18n","localized"
"modal.streak_msg_high","dictionary","Dashboard","i18n","localized"
"modal.streak_msg_mid","dictionary","Dashboard","i18n","localized"
"modal.streak_msg_low","dictionary","Dashboard","i18n","localized"
"modal.points_breakdown","dictionary","Dashboard","i18n","localized"
"modal.total_points","dictionary","Dashboard","i18n","localized"
"modal.points_by_cat","dictionary","Dashboard","i18n","localized"
"modal.recent_activity","dictionary","Dashboard","i18n","localized"
"modal.no_points","dictionary","Dashboard","i18n","localized"
"modal.labs_history","dictionary","Dashboard","i18n","localized"
"modal.no_labs","dictionary","Dashboard","i18n","localized"
"modal.lab_session","dictionary","Dashboard","i18n","localized"
"modal.complete","dictionary","Dashboard","i18n","localized"
"modal.click_reenter","dictionary","Dashboard","i18n","localized"
"portpanel.capstone_title","dictionary","Portfolio","i18n","localized"
"portpanel.capstone_sub","dictionary","Portfolio","i18n","localized"
"portpanel.done","dictionary","Portfolio","i18n","localized"
"portpanel.review","dictionary","Portfolio","i18n","localized"
"portpanel.progress","dictionary","Portfolio","i18n","localized"
"portpanel.github","dictionary","Portfolio","i18n","localized"
"portpanel.demo","dictionary","Portfolio","i18n","localized"
"portpanel.add_title","dictionary","Portfolio","i18n","localized"
"portpanel.add_sub","dictionary","Portfolio","i18n","localized"
"portpanel.add_btn","dictionary","Portfolio","i18n","localized"
"mobile.home.welcome","dictionary","Other","i18n","localized"
"mobile.home.tagline","dictionary","Other","i18n","localized"
"mobile.home.continue_label","dictionary","Other","i18n","localized"
"mobile.home.default_module","dictionary","Other","i18n","localized"
"mobile.home.default_lesson","dictionary","Other","i18n","localized"
"mobile.home.pick_program","dictionary","Other","i18n","localized"
"mobile.home.continue_btn","dictionary","Other","i18n","localized"
"mobile.home.start_btn","dictionary","Other","i18n","localized"
"mobile.home.mission_title","dictionary","Other","i18n","localized"
"mobile.home.mission_reward","dictionary","Other","i18n","localized"
"mobile.home.career_title","dictionary","Other","i18n","localized"
"mobile.home.you_are_here","dictionary","Other","i18n","localized"
"mentor.v.connected_title","dictionary","AI Mentor","i18n","localized"
"mentor.v.connected_desc","dictionary","AI Mentor","i18n","localized"
"mentor.v.call_ended","dictionary","AI Mentor","i18n","localized"
"mentor.v.call_ended_desc","dictionary","AI Mentor","i18n","localized"
"mentor.v.conn_error","dictionary","AI Mentor","i18n","localized"
"mentor.v.conn_error_desc","dictionary","AI Mentor","i18n","localized"
"mentor.v.mic_required","dictionary","AI Mentor","i18n","localized"
"mentor.v.mic_required_desc","dictionary","AI Mentor","i18n","localized"
"mentor.v.conn_failed","dictionary","AI Mentor","i18n","localized"
"mentor.v.conn_failed_desc","dictionary","AI Mentor","i18n","localized"
"mentor.v.title","dictionary","AI Mentor","i18n","localized"
"mentor.v.subtitle","dictionary","AI Mentor","i18n","localized"
"mentor.v.speaking","dictionary","AI Mentor","i18n","localized"
"mentor.v.listening","dictionary","AI Mentor","i18n","localized"
"mentor.v.prof_speaking","dictionary","AI Mentor","i18n","localized"
"mentor.v.your_turn","dictionary","AI Mentor","i18n","localized"
"mentor.v.connecting","dictionary","AI Mentor","i18n","localized"
"mentor.v.start","dictionary","AI Mentor","i18n","localized"
"mentor.v.end","dictionary","AI Mentor","i18n","localized"
"mentor.v.hint_active","dictionary","AI Mentor","i18n","localized"
"mentor.v.hint_idle","dictionary","AI Mentor","i18n","localized"
"flagship.int_ts_sub","dictionary","Flagship","i18n","localized"
"mentor.title","dictionary","Flagship","i18n","localized"
"flagship.int_mentor_sub","dictionary","Flagship","i18n","localized"
"flagship.stat_simulations","dictionary","Flagship","i18n","localized"
"flagship.int_sims_sub","dictionary","Flagship","i18n","localized"
"flagship.int_portfolio_title","dictionary","Flagship","i18n","localized"
"flagship.int_portfolio_sub","dictionary","Flagship","i18n","localized"
"flagship.int_placement_title","dictionary","Flagship","i18n","localized"
"flagship.int_placement_sub","dictionary","Flagship","i18n","localized"
"flagship.int_cert_title","dictionary","Flagship","i18n","localized"
"flagship.int_cert_sub","dictionary","Flagship","i18n","localized"
"flagship.lvl_beginner","dictionary","Flagship","i18n","localized"
"flagship.lvl_intermediate","dictionary","Flagship","i18n","localized"
"flagship.lvl_advanced","dictionary","Flagship","i18n","localized"
"flagship.module_meta","dictionary","Flagship","i18n","localized"
"flagship.phase_","dictionary","Flagship","i18n","localized"
"flagship.f_objectives","dictionary","Flagship","i18n","localized"
"flagship.f_lessons","dictionary","Flagship","i18n","localized"
"flagship.f_readings","dictionary","Flagship","i18n","localized"
"flagship.f_videos","dictionary","Flagship","i18n","localized"
"flagship.f_lab","dictionary","Flagship","i18n","localized"
"flagship.f_mentor_acts","dictionary","Flagship","i18n","localized"
"flagship.f_portfolio","dictionary","Flagship","i18n","localized"
"flagship.f_interview","dictionary","Flagship","i18n","localized"
"flagship.f_behavioral","dictionary","Flagship","i18n","localized"
"flagship.f_scenario","dictionary","Flagship","i18n","localized"
"flagship.f_leadership","dictionary","Flagship","i18n","localized"
"flagship.sims3","dictionary","Flagship","i18n","localized"
"flagship.launch_sims","dictionary","Flagship","i18n","localized"
"flagship.stat_modules","dictionary","Flagship","i18n","localized"
"flagship.stat_labs","dictionary","Flagship","i18n","localized"
"flagship.stat_portfolios","dictionary","Flagship","i18n","localized"
"flagship.stat_assessments","dictionary","Flagship","i18n","localized"
"flagship.stat_qbank","dictionary","Flagship","i18n","localized"
"flagship.badge","dictionary","Flagship","i18n","localized"
"flagship.hero_desc","dictionary","Flagship","i18n","localized"
"flagship.tracks_h","dictionary","Flagship","i18n","localized"
"flagship.curriculum_h","dictionary","Flagship","i18n","localized"
"flagship.portfolio_path","dictionary","Flagship","i18n","localized"
"nav.portal","dictionary","Other","i18n","localized"
"nav.tab_learn","dictionary","Courses","i18n","localized"
"mobile.learn.loading","dictionary","Courses","i18n","localized"
"mobile.learn.empty_h","dictionary","Courses","i18n","localized"
"mobile.learn.empty_sub","dictionary","Courses","i18n","localized"
"mobile.learn.continue","dictionary","Courses","i18n","localized"
"mobile.learn.continue_btn","dictionary","Courses","i18n","localized"
"mobile.learn.your_programs","dictionary","Courses","i18n","localized"
"mobile.course.default_title","dictionary","Program Details","i18n","localized"
"mobile.course.progress","dictionary","Program Details","i18n","localized"
"mobile.course.modules_done","dictionary","Program Details","i18n","localized"
"mobile.course.continue_btn","dictionary","Program Details","i18n","localized"
"mobile.course.start_btn","dictionary","Program Details","i18n","localized"
"mobile.course.modules_label","dictionary","Program Details","i18n","localized"
"mobile.course.module_label","dictionary","Program Details","i18n","localized"
"mobile.course.completed","dictionary","Program Details","i18n","localized"
"mobile.course.continue","dictionary","Program Details","i18n","localized"
"mobile.course.lessons","dictionary","Program Details","i18n","localized"
"mobile.course.locked","dictionary","Program Details","i18n","localized"
"mobile.course.empty","dictionary","Program Details","i18n","localized"
"kg.title","dictionary","Dashboard","i18n","localized"
"cpanel.career_title","dictionary","Other","i18n","localized"
"cpanel.career_sub","dictionary","Other","i18n","localized"
"cpanel.strong_fit","dictionary","Other","i18n","localized"
"cpanel.good_fit","dictionary","Other","i18n","localized"
"cpanel.skill_title","dictionary","Other","i18n","localized"
"cpanel.skill_sub","dictionary","Other","i18n","localized"
"cpanel.in_progress","dictionary","Other","i18n","localized"
"cpanel.not_started","dictionary","Other","i18n","localized"
"cpanel.interview_title","dictionary","Other","i18n","localized"
"cpanel.interview_sub","dictionary","Other","i18n","localized"
"cpanel.launch_btn","dictionary","Other","i18n","localized"
"cpanel.resume_title","dictionary","Other","i18n","localized"
"cpanel.resume_sub","dictionary","Other","i18n","localized"
"cpanel.resume_preview","dictionary","Other","i18n","localized"
"cpanel.pdf_btn","dictionary","Other","i18n","localized"
"cpanel.linkedin_btn","dictionary","Other","i18n","localized"
"cpanel.salary_title","dictionary","Other","i18n","localized"
"lesson.video","dictionary","Program Details","i18n","localized"
"lesson.back","dictionary","Program Details","i18n","localized"
"lesson.lesson_n","dictionary","Program Details","i18n","localized"
"lesson.reading","dictionary","Program Details","i18n","localized"
"lesson.speaking","dictionary","Program Details","i18n","localized"
"lesson.listening","dictionary","Program Details","i18n","localized"
"lesson.connecting","dictionary","Program Details","i18n","localized"
"lesson.mentor_tap","dictionary","Program Details","i18n","localized"
"lesson.ask_prof","dictionary","Program Details","i18n","localized"
"lesson.end_session","dictionary","Program Details","i18n","localized"
"lesson.module_quiz","dictionary","Program Details","i18n","localized"
"lesson.pass_unlock","dictionary","Program Details","i18n","localized"
"lesson.continue_quiz","dictionary","Program Details","i18n","localized"
"lesson.continue","dictionary","Program Details","i18n","localized"
"hero.stats.students","dictionary","Homepage","i18n","localized"
"hero.stats.rate","dictionary","Homepage","i18n","localized"
"hero.stats.partners","dictionary","Homepage","i18n","localized"
"hero.badge","dictionary","Homepage","i18n","localized"
"hero.title.line1","dictionary","Homepage","i18n","localized"
"hero.title.line2","dictionary","Homepage","i18n","localized"
"hero.subtitle","dictionary","Homepage","i18n","localized"
"hero.cta.primary","dictionary","Homepage","i18n","localized"
"ts.label","dictionary","Talent Score","i18n","localized"
"ts.title","dictionary","Talent Score","i18n","localized"
"ts.sub","dictionary","Talent Score","i18n","localized"
"ts.overall","dictionary","Talent Score","i18n","localized"
"ts.empty","dictionary","Talent Score","i18n","localized"
"ts.breakdown","dictionary","Talent Score","i18n","localized"
"ts.improve","dictionary","Talent Score","i18n","localized"
"ts.start_btn","dictionary","Talent Score","i18n","localized"
"sim.badge","dictionary","Simulations","i18n","localized"
"sim.h1a","dictionary","Simulations","i18n","localized"
"sim.h1b","dictionary","Simulations","i18n","localized"
"sim.sub","dictionary","Simulations","i18n","localized"
"sim.all_schools","dictionary","Simulations","i18n","localized"
"sim.search","dictionary","Simulations","i18n","localized"
"sim.all_programs","dictionary","Simulations","i18n","localized"
"sim.all_modules","dictionary","Simulations","i18n","localized"
"sim.module","dictionary","Simulations","i18n","localized"
"sim.all_levels","dictionary","Simulations","i18n","localized"
"sim.all_types","dictionary","Simulations","i18n","localized"
"sim.type_","dictionary","Simulations","i18n","localized"
"sim.count_label","dictionary","Simulations","i18n","localized"
"sim.no_results","dictionary","Simulations","i18n","localized"
"sim.no_results_sub","dictionary","Simulations","i18n","localized"
"sim.showing_pre","dictionary","Simulations","i18n","localized"
"sim.showing_post","dictionary","Simulations","i18n","localized"
"sim.prog_sims","dictionary","Simulations","i18n","localized"
"sim.done","dictionary","Simulations","i18n","localized"
"sim.diff_","dictionary","Simulations","i18n","localized"
"sim.mod","dictionary","Simulations","i18n","localized"
"sim.retry","dictionary","Simulations","i18n","localized"
"sim.launch","dictionary","Simulations","i18n","localized"
"kit.badge","dictionary","Other","i18n","localized"
"kit.hero.title","dictionary","Other","i18n","localized"
"kit.hero.subtitle","dictionary","Other","i18n","localized"
"kit.fomo.title","dictionary","Other","i18n","localized"
"kit.fomo.subtitle","dictionary","Other","i18n","localized"
"kit.social.title","dictionary","Other","i18n","localized"
"kit.social.subtitle","dictionary","Other","i18n","localized"
"kit.copied","dictionary","Other","i18n","localized"
"kit.copy","dictionary","Other","i18n","localized"
"kit.email.title","dictionary","Other","i18n","localized"
"kit.email.subtitle","dictionary","Other","i18n","localized"
"kit.email.subject","dictionary","Other","i18n","localized"
"kit.talking.title","dictionary","Other","i18n","localized"
"kit.talking.subtitle","dictionary","Other","i18n","localized"
"kit.backToReferral","dictionary","Other","i18n","localized"
"employers.badge","dictionary","Other","i18n","localized"
"employers.h1a","dictionary","Other","i18n","localized"
"employers.h1b","dictionary","Other","i18n","localized"
"employers.sub","dictionary","Other","i18n","localized"
"employers.partner_btn","dictionary","Other","i18n","localized"
"employers.browse_btn","dictionary","Other","i18n","localized"
"employers.why_label","dictionary","Other","i18n","localized"
"employers.why_h2a","dictionary","Other","i18n","localized"
"employers.why_h2_hl","dictionary","Other","i18n","localized"
"employers.why_h2b","dictionary","Other","i18n","localized"
"employers.cta_h2a","dictionary","Other","i18n","localized"
"employers.cta_h2b","dictionary","Other","i18n","localized"
"employers.cta_sub","dictionary","Other","i18n","localized"
"employers.cta_btn","dictionary","Other","i18n","localized"
"schools.eng_out0","dictionary","Other","i18n","localized"
"schools.eng_out1","dictionary","Other","i18n","localized"
"schools.eng_out2","dictionary","Other","i18n","localized"
"schools.biz_out0","dictionary","Other","i18n","localized"
"schools.biz_out1","dictionary","Other","i18n","localized"
"schools.biz_out2","dictionary","Other","i18n","localized"
"schools.gov_out0","dictionary","Other","i18n","localized"
"schools.gov_out1","dictionary","Other","i18n","localized"
"schools.gov_out2","dictionary","Other","i18n","localized"
"schools.hax_out0","dictionary","Other","i18n","localized"
"schools.hax_out1","dictionary","Other","i18n","localized"
"schools.hax_out2","dictionary","Other","i18n","localized"
"schools.badge","dictionary","Other","i18n","localized"
"schools.h1a","dictionary","Other","i18n","localized"
"schools.h1b","dictionary","Other","i18n","localized"
"schools.sub","dictionary","Other","i18n","localized"
"schools.school_label","dictionary","Other","i18n","localized"
"schools.career_outcomes","dictionary","Other","i18n","localized"
"schools.explore_btn","dictionary","Other","i18n","localized"
"schools.level_range","dictionary","Other","i18n","localized"
"schools.weeks_suffix","dictionary","Other","i18n","localized"
"schools.cta_label","dictionary","Other","i18n","localized"
"schools.cta_h2a","dictionary","Other","i18n","localized"
"schools.cta_price","dictionary","Other","i18n","localized"
"schools.cta_sub","dictionary","Other","i18n","localized"
"schools.pricing_btn","dictionary","Other","i18n","localized"
"schools.free_btn","dictionary","Other","i18n","localized"
"career.focus","dictionary","Career Path","i18n","localized"
"career.title","dictionary","Career Path","i18n","localized"
"career.subtitle","dictionary","Career Path","i18n","localized"
"career.select_prog","dictionary","Career Path","i18n","localized"
"career.prog_count","dictionary","Career Path","i18n","localized"
"career.loading","dictionary","Career Path","i18n","localized"
"career.choose_target","dictionary","Career Path","i18n","localized"
"career.choose_target_desc","dictionary","Career Path","i18n","localized"
"career.modules","dictionary","Career Path","i18n","localized"
"career.certified","dictionary","Career Path","i18n","localized"
"career.start_learning","dictionary","Career Path","i18n","localized"
"career.tab_path","dictionary","Career Path","i18n","localized"
"career.tab_resources","dictionary","Career Path","i18n","localized"
"career.tab_glossary","dictionary","Career Path","i18n","localized"
"career.tab_salary","dictionary","Career Path","i18n","localized"
"career.modules_loading","dictionary","Career Path","i18n","localized"
"career.content_preparing","dictionary","Career Path","i18n","localized"
"career.go_course","dictionary","Career Path","i18n","localized"
"career.complete_order","dictionary","Career Path","i18n","localized"
"career.labs","dictionary","Career Path","i18n","localized"
"career.labs_desc","dictionary","Career Path","i18n","localized"
"career.simulations","dictionary","Career Path","i18n","localized"
"career.simulations_desc","dictionary","Career Path","i18n","localized"
"career.case_studies","dictionary","Career Path","i18n","localized"
"career.case_studies_desc","dictionary","Career Path","i18n","localized"
"career.resources_curated","dictionary","Career Path","i18n","localized"
"career.curated_count","dictionary","Career Path","i18n","localized"
"career.free","dictionary","Career Path","i18n","localized"
"career.glossary_building","dictionary","Career Path","i18n","localized"
"career.key_terms","dictionary","Career Path","i18n","localized"
"career.job_titles","dictionary","Career Path","i18n","localized"
"career.annual_salary","dictionary","Career Path","i18n","localized"
"career.col_country","dictionary","Career Path","i18n","localized"
"career.col_min","dictionary","Career Path","i18n","localized"
"career.col_max","dictionary","Career Path","i18n","localized"
"career.col_range","dictionary","Career Path","i18n","localized"
"career.per_year","dictionary","Career Path","i18n","localized"
"career.top","dictionary","Career Path","i18n","localized"
"career.sources","dictionary","Career Path","i18n","localized"
"nav.store","dictionary","Other","i18n","localized"
"dash.all_complete","dictionary","Other","i18n","localized"
"dash.welcome","dictionary","Other","i18n","localized"
"dash.snapshot","dictionary","Other","i18n","localized"
"dash.stat.progress","dictionary","Other","i18n","localized"
"dash.stat.streak","dictionary","Other","i18n","localized"
"dash.stat.quizzes","dictionary","Other","i18n","localized"
"dash.stat.programs","dictionary","Other","i18n","localized"
"dash.my_programs","dictionary","Other","i18n","localized"
"dash.complete","dictionary","Other","i18n","localized"
"dash.next","dictionary","Other","i18n","localized"
"dash.continue","dictionary","Other","i18n","localized"
"dash.quick_actions","dictionary","Other","i18n","localized"
"dash.action.portal","dictionary","Other","i18n","localized"
"dash.action.programs","dictionary","Other","i18n","localized"
"dash.action.community","dictionary","Other","i18n","localized"
"dash.action.sprint","dictionary","Other","i18n","localized"
"dash.action.feedback","dictionary","Other","i18n","localized"
"pricing.inc0","dictionary","Pricing","i18n","localized"
"pricing.inc1","dictionary","Pricing","i18n","localized"
"pricing.inc2","dictionary","Pricing","i18n","localized"
"pricing.inc3","dictionary","Pricing","i18n","localized"
"pricing.inc4","dictionary","Pricing","i18n","localized"
"pricing.inc5","dictionary","Pricing","i18n","localized"
"pricing.inc6","dictionary","Pricing","i18n","localized"
"pricing.inc7","dictionary","Pricing","i18n","localized"
"pricing.faq_q0","dictionary","Pricing","i18n","localized"
"pricing.faq_a0","dictionary","Pricing","i18n","localized"
"pricing.faq_q1","dictionary","Pricing","i18n","localized"
"pricing.faq_a1","dictionary","Pricing","i18n","localized"
"pricing.faq_q2","dictionary","Pricing","i18n","localized"
"pricing.faq_a2","dictionary","Pricing","i18n","localized"
"pricing.faq_q3","dictionary","Pricing","i18n","localized"
"pricing.faq_a3","dictionary","Pricing","i18n","localized"
"pricing.faq_q4","dictionary","Pricing","i18n","localized"
"pricing.faq_a4","dictionary","Pricing","i18n","localized"
"pricing.badge","dictionary","Pricing","i18n","localized"
"pricing.h1_line1","dictionary","Pricing","i18n","localized"
"pricing.h1_line2","dictionary","Pricing","i18n","localized"
"pricing.h1_line3","dictionary","Pricing","i18n","localized"
"pricing.sub","dictionary","Pricing","i18n","localized"
"pricing.pass_badge","dictionary","Pricing","i18n","localized"
"pricing.rate","dictionary","Pricing","i18n","localized"
"pricing.cta_btn","dictionary","Pricing","i18n","localized"
"pricing.free_pre","dictionary","Pricing","i18n","localized"
"pricing.free_strong","dictionary","Pricing","i18n","localized"
"pricing.free_body","dictionary","Pricing","i18n","localized"
"pricing.free_link","dictionary","Pricing","i18n","localized"
"pricing.ent_strong","dictionary","Pricing","i18n","localized"
"pricing.ent_body","dictionary","Pricing","i18n","localized"
"pricing.ent_link","dictionary","Pricing","i18n","localized"
"pricing.faq_label","dictionary","Pricing","i18n","localized"
"pricing.faq_h2","dictionary","Pricing","i18n","localized"
"pricing.faq_h2b","dictionary","Pricing","i18n","localized"
"talent.badge","dictionary","Other","i18n","localized"
"talent.h1a","dictionary","Other","i18n","localized"
"talent.h1b","dictionary","Other","i18n","localized"
"talent.sub","dictionary","Other","i18n","localized"
"talent.join_btn","dictionary","Other","i18n","localized"
"talent.emp_btn","dictionary","Other","i18n","localized"
"talent.how_label","dictionary","Other","i18n","localized"
"talent.how_h2a","dictionary","Other","i18n","localized"
"talent.how_h2_hl","dictionary","Other","i18n","localized"
"talent.how_h2b","dictionary","Other","i18n","localized"
"talent.hire_h2a","dictionary","Other","i18n","localized"
"talent.hire_h2b","dictionary","Other","i18n","localized"
"talent.hire_sub","dictionary","Other","i18n","localized"
"talent.portal_btn","dictionary","Other","i18n","localized"
"talent.enroll_btn","dictionary","Other","i18n","localized"
"portfolio.title","dictionary","Portfolio","i18n","localized"
"portfolio.sub","dictionary","Portfolio","i18n","localized"
"portfolio.empty_h","dictionary","Portfolio","i18n","localized"
"portfolio.empty_sub","dictionary","Portfolio","i18n","localized"
"portfolio.empty_btn","dictionary","Portfolio","i18n","localized"
"auth.payment.success","dictionary","Auth","i18n","localized"
"auth.payment.success.sub","dictionary","Auth","i18n","localized"
"auth.welcome","dictionary","Auth","i18n","localized"
"auth.magiclink.verified.sub","dictionary","Auth","i18n","localized"
"auth.error","dictionary","Auth","i18n","localized"
"auth.err.payment_unavailable","dictionary","Auth","i18n","localized"
"auth.err.invalid_creds","dictionary","Auth","i18n","localized"
"auth.err.generic","dictionary","Auth","i18n","localized"
"auth.err.reset_failed","dictionary","Auth","i18n","localized"
"auth.err.google_unavailable","dictionary","Auth","i18n","localized"
"auth.payment.declined","dictionary","Auth","i18n","localized"
"auth.payment.declined.sub","dictionary","Auth","i18n","localized"
"auth.forgot.sent_title","dictionary","Auth","i18n","localized"
"auth.forgot.sent_sub","dictionary","Auth","i18n","localized"
"auth.forgot.sent_to","dictionary","Auth","i18n","localized"
"auth.forgot.sent_note","dictionary","Auth","i18n","localized"
"auth.back_signin","dictionary","Auth","i18n","localized"
"auth.forgot.title","dictionary","Auth","i18n","localized"
"auth.forgot.sub","dictionary","Auth","i18n","localized"
"auth.email","dictionary","Auth","i18n","localized"
"auth.forgot.sending","dictionary","Auth","i18n","localized"
"auth.forgot.send","dictionary","Auth","i18n","localized"
"auth.confirm.title","dictionary","Auth","i18n","localized"
"auth.confirm.sub","dictionary","Auth","i18n","localized"
"auth.confirm.sent_to","dictionary","Auth","i18n","localized"
"auth.confirm.step1","dictionary","Auth","i18n","localized"
"auth.confirm.step2","dictionary","Auth","i18n","localized"
"auth.confirm.step3","dictionary","Auth","i18n","localized"
"auth.confirm.step4","dictionary","Auth","i18n","localized"
"auth.confirm.spam","dictionary","Auth","i18n","localized"
"auth.resent_title","dictionary","Auth","i18n","localized"
"auth.resent_sub","dictionary","Auth","i18n","localized"
"auth.confirm.resend","dictionary","Auth","i18n","localized"
"auth.join","dictionary","Auth","i18n","localized"
"auth.signin.sub","dictionary","Auth","i18n","localized"
"auth.register.sub","dictionary","Auth","i18n","localized"
"auth.fullname","dictionary","Auth","i18n","localized"
"auth.fullname.placeholder","dictionary","Auth","i18n","localized"
"auth.phone","dictionary","Auth","i18n","localized"
"auth.optional","dictionary","Auth","i18n","localized"
"auth.linkedin","dictionary","Auth","i18n","localized"
"auth.plan.choose","dictionary","Auth","i18n","localized"
"auth.plan.starter","dictionary","Auth","i18n","localized"
"auth.plan.free","dictionary","Auth","i18n","localized"
"auth.plan.free_f1","dictionary","Auth","i18n","localized"
"auth.plan.free_f2","dictionary","Auth","i18n","localized"
"auth.plan.free_f3","dictionary","Auth","i18n","localized"
"auth.plan.free_f4","dictionary","Auth","i18n","localized"
"auth.plan.allaccess","dictionary","Auth","i18n","localized"
"auth.plan.month","dictionary","Auth","i18n","localized"
"auth.plan.paid_f1","dictionary","Auth","i18n","localized"
"auth.plan.paid_f2","dictionary","Auth","i18n","localized"
"auth.plan.paid_f3","dictionary","Auth","i18n","localized"
"auth.plan.paid_f4","dictionary","Auth","i18n","localized"
"auth.plan.paid_f5","dictionary","Auth","i18n","localized"
"auth.plan.paid_f6","dictionary","Auth","i18n","localized"
"auth.password","dictionary","Auth","i18n","localized"
"auth.aria.pwd_req","dictionary","Auth","i18n","localized"
"auth.pwd_requirements","dictionary","Auth","i18n","localized"
"auth.aria.hide_pwd","dictionary","Auth","i18n","localized"
"auth.aria.show_pwd","dictionary","Auth","i18n","localized"
"auth.remember","dictionary","Auth","i18n","localized"
"auth.forgot_link","dictionary","Auth","i18n","localized"
"auth.secure.info","dictionary","Auth","i18n","localized"
"auth.loading","dictionary","Auth","i18n","localized"
"auth.signin.btn","dictionary","Auth","i18n","localized"
"auth.create_free","dictionary","Auth","i18n","localized"
"auth.continue_payment","dictionary","Auth","i18n","localized"
"auth.or","dictionary","Auth","i18n","localized"
"auth.google","dictionary","Auth","i18n","localized"
"auth.stripe.secure","dictionary","Auth","i18n","localized"
"auth.nocard","dictionary","Auth","i18n","localized"
"auth.switch.to.register","dictionary","Auth","i18n","localized"
"auth.switch.to.login","dictionary","Auth","i18n","localized"
"pcert.other","dictionary","Certifications","i18n","localized"
"pcert.label","dictionary","Certifications","i18n","localized"
"pcert.title","dictionary","Certifications","i18n","localized"
"pcert.sub","dictionary","Certifications","i18n","localized"
"pcert.upload_h","dictionary","Certifications","i18n","localized"
"pcert.upload_sub","dictionary","Certifications","i18n","localized"
"pcert.coming_soon","dictionary","Certifications","i18n","localized"
"pcert.platforms","dictionary","Certifications","i18n","localized"
"resume.up_pdf","dictionary","Resume Studio","i18n","localized"
"resume.up_pdf_ok","dictionary","Resume Studio","i18n","localized"
"resume.up_word","dictionary","Resume Studio","i18n","localized"
"resume.up_word_err","dictionary","Resume Studio","i18n","localized"
"resume.up_parsing","dictionary","Resume Studio","i18n","localized"
"resume.up_word_ok","dictionary","Resume Studio","i18n","localized"
"resume.up_generic","dictionary","Resume Studio","i18n","localized"
"resume.up_ok","dictionary","Resume Studio","i18n","localized"
"resume.up_err","dictionary","Resume Studio","i18n","localized"
"resume.sec_skills","dictionary","Resume Studio","i18n","localized"
"resume.sec_certs","dictionary","Resume Studio","i18n","localized"
"resume.studio_title","dictionary","Resume Studio","i18n","localized"
"resume.subtitle","dictionary","Resume Studio","i18n","localized"
"resume.undo","dictionary","Resume Studio","i18n","localized"
"resume.redo","dictionary","Resume Studio","i18n","localized"
"resume.reading","dictionary","Resume Studio","i18n","localized"
"resume.upload","dictionary","Resume Studio","i18n","localized"
"resume.style","dictionary","Resume Studio","i18n","localized"
"resume.templates","dictionary","Resume Studio","i18n","localized"
"resume.saved","dictionary","Resume Studio","i18n","localized"
"resume.save","dictionary","Resume Studio","i18n","localized"
"resume.download","dictionary","Resume Studio","i18n","localized"
"resume.style_controls","dictionary","Resume Studio","i18n","localized"
"resume.body_font","dictionary","Resume Studio","i18n","localized"
"resume.compact","dictionary","Resume Studio","i18n","localized"
"resume.spacious","dictionary","Resume Studio","i18n","localized"
"resume.name_size","dictionary","Resume Studio","i18n","localized"
"resume.small","dictionary","Resume Studio","i18n","localized"
"resume.large","dictionary","Resume Studio","i18n","localized"
"resume.accent_color","dictionary","Resume Studio","i18n","localized"
"resume.text_color","dictionary","Resume Studio","i18n","localized"
"resume.exec_templates","dictionary","Resume Studio","i18n","localized"
"resume.tip_strong","dictionary","Resume Studio","i18n","localized"
"resume.tip_rest","dictionary","Resume Studio","i18n","localized"
"resume.sec_exec_profile","dictionary","Resume Studio","i18n","localized"
"resume.sec_summary","dictionary","Resume Studio","i18n","localized"
"resume.sec_experience","dictionary","Resume Studio","i18n","localized"
"resume.sec_education","dictionary","Resume Studio","i18n","localized"
"resume.sec_projects","dictionary","Resume Studio","i18n","localized"
"resume.sec_core_skills","dictionary","Resume Studio","i18n","localized"
"resume.autosave","dictionary","Resume Studio","i18n","localized"
"enroll.toast.received","dictionary","Enrollment","i18n","localized"
"enroll.toast.contact","dictionary","Enrollment","i18n","localized"
"enroll.back","dictionary","Enrollment","i18n","localized"
"enroll.app_subtitle","dictionary","Enrollment","i18n","localized"
"enroll.select_plan","dictionary","Enrollment","i18n","localized"
"enroll.save_annual","dictionary","Enrollment","i18n","localized"
"enroll.popular","dictionary","Enrollment","i18n","localized"
"enroll.per_month","dictionary","Enrollment","i18n","localized"
"enroll.more_benefits","dictionary","Enrollment","i18n","localized"
"enroll.selected","dictionary","Enrollment","i18n","localized"
"enroll.your_info","dictionary","Enrollment","i18n","localized"
"enroll.label.fullname","dictionary","Enrollment","i18n","localized"
"enroll.ph.name","dictionary","Enrollment","i18n","localized"
"enroll.label.email","dictionary","Enrollment","i18n","localized"
"enroll.ph.email","dictionary","Enrollment","i18n","localized"
"enroll.label.phone","dictionary","Enrollment","i18n","localized"
"enroll.label.country","dictionary","Enrollment","i18n","localized"
"enroll.ph.country","dictionary","Enrollment","i18n","localized"
"enroll.label.company","dictionary","Enrollment","i18n","localized"
"enroll.optional","dictionary","Enrollment","i18n","localized"
"enroll.ph.company","dictionary","Enrollment","i18n","localized"
"enroll.label.jobtitle","dictionary","Enrollment","i18n","localized"
"enroll.ph.role","dictionary","Enrollment","i18n","localized"
"enroll.processing","dictionary","Enrollment","i18n","localized"
"enroll.proceed","dictionary","Enrollment","i18n","localized"
"enroll.monthly_total","dictionary","Enrollment","i18n","localized"
"enroll.save_annual_plan","dictionary","Enrollment","i18n","localized"
"enroll.whats_included","dictionary","Enrollment","i18n","localized"
"enroll.security","dictionary","Enrollment","i18n","localized"
"reset.err.policy","dictionary","Auth","i18n","localized"
"reset.mismatch","dictionary","Auth","i18n","localized"
"reset.toast.success","dictionary","Auth","i18n","localized"
"reset.err.generic","dictionary","Auth","i18n","localized"
"reset.success.title","dictionary","Auth","i18n","localized"
"reset.success.desc","dictionary","Auth","i18n","localized"
"reset.success.btn","dictionary","Auth","i18n","localized"
"reset.expired.title","dictionary","Auth","i18n","localized"
"reset.expired.desc","dictionary","Auth","i18n","localized"
"reset.expired.btn","dictionary","Auth","i18n","localized"
"reset.loading","dictionary","Auth","i18n","localized"
"reset.title","dictionary","Auth","i18n","localized"
"reset.desc","dictionary","Auth","i18n","localized"
"reset.label.new","dictionary","Auth","i18n","localized"
"reset.hide","dictionary","Auth","i18n","localized"
"reset.show","dictionary","Auth","i18n","localized"
"reset.label.confirm","dictionary","Auth","i18n","localized"
"reset.btn.updating","dictionary","Auth","i18n","localized"
"reset.btn.update","dictionary","Auth","i18n","localized"
"reset.security","dictionary","Auth","i18n","localized"
"portal.settings.days","dictionary","Settings","i18n","localized"
"portal.settings.title","dictionary","Settings","i18n","localized"
"portal.settings.subtitle","dictionary","Settings","i18n","localized"
"portal.settings.profile","dictionary","Settings","i18n","localized"
"portal.settings.label.name","dictionary","Settings","i18n","localized"
"portal.settings.ph.name","dictionary","Settings","i18n","localized"
"portal.settings.label.email","dictionary","Settings","i18n","localized"
"portal.settings.label.country","dictionary","Settings","i18n","localized"
"portal.settings.label.linkedin","dictionary","Settings","i18n","localized"
"portal.settings.ph.linkedin","dictionary","Settings","i18n","localized"
"portal.settings.label.github","dictionary","Settings","i18n","localized"
"portal.settings.ph.github","dictionary","Settings","i18n","localized"
"portal.settings.saved","dictionary","Settings","i18n","localized"
"portal.settings.saving","dictionary","Settings","i18n","localized"
"portal.settings.save_profile","dictionary","Settings","i18n","localized"
"portal.settings.lang_region","dictionary","Settings","i18n","localized"
"portal.settings.portal_lang","dictionary","Settings","i18n","localized"
"portal.settings.save_pref","dictionary","Settings","i18n","localized"
"portal.settings.notifications_title","dictionary","Settings","i18n","localized"
"portal.settings.subscription_title","dictionary","Settings","i18n","localized"
"portal.settings.active","dictionary","Settings","i18n","localized"
"portal.settings.days_remaining","dictionary","Settings","i18n","localized"
"portal.settings.days_unit","dictionary","Settings","i18n","localized"
"portal.settings.upgrade_annual","dictionary","Settings","i18n","localized"
"portal.settings.billing","dictionary","Settings","i18n","localized"
"portal.settings.cancel","dictionary","Settings","i18n","localized"
"portal.settings.account_actions","dictionary","Settings","i18n","localized"
"portal.settings.export_soon","dictionary","Settings","i18n","localized"
"portal.settings.pwd_sent","dictionary","Settings","i18n","localized"
"portal.settings.delete_confirm","dictionary","Settings","i18n","localized"
"portal.settings.sign_out","dictionary","Settings","i18n","localized"
"referral.student.step1","dictionary","Other","i18n","localized"
"referral.student.step2","dictionary","Other","i18n","localized"
"referral.student.step3","dictionary","Other","i18n","localized"
"referral.student.step4","dictionary","Other","i18n","localized"
"referral.affiliate.step1","dictionary","Other","i18n","localized"
"referral.affiliate.step2","dictionary","Other","i18n","localized"
"referral.affiliate.step3","dictionary","Other","i18n","localized"
"referral.affiliate.step4","dictionary","Other","i18n","localized"
"referral.badge","dictionary","Other","i18n","localized"
"referral.hero.title","dictionary","Other","i18n","localized"
"referral.hero.subtitle","dictionary","Other","i18n","localized"
"referral.hero.reward","dictionary","Other","i18n","localized"
"referral.student.title","dictionary","Other","i18n","localized"
"referral.student.subtitle","dictionary","Other","i18n","localized"
"referral.student.description","dictionary","Other","i18n","localized"
"referral.howItWorks","dictionary","Other","i18n","localized"
"referral.student.reward","dictionary","Other","i18n","localized"
"referral.student.cta","dictionary","Other","i18n","localized"
"referral.kit.link","dictionary","Other","i18n","localized"
"referral.affiliate.title","dictionary","Other","i18n","localized"
"referral.affiliate.subtitle","dictionary","Other","i18n","localized"
"referral.affiliate.description","dictionary","Other","i18n","localized"
"referral.affiliate.reward","dictionary","Other","i18n","localized"
"referral.affiliate.cta","dictionary","Other","i18n","localized"
"referral.terms.title","dictionary","Other","i18n","localized"
"referral.terms.t1","dictionary","Other","i18n","localized"
"referral.terms.t2","dictionary","Other","i18n","localized"
"referral.terms.t3","dictionary","Other","i18n","localized"
"referral.terms.t4","dictionary","Other","i18n","localized"
"referral.terms.t5","dictionary","Other","i18n","localized"
"courses.title","dictionary","Courses","i18n","localized"
"courses.subtitle","dictionary","Courses","i18n","localized"
"courses.my_career_path","dictionary","Courses","i18n","localized"
"courses.loading","dictionary","Courses","i18n","localized"
"courses.no_programs","dictionary","Courses","i18n","localized"
"courses.no_programs_sub","dictionary","Courses","i18n","localized"
"courses.your_program","dictionary","Courses","i18n","localized"
"courses.access_pass","dictionary","Courses","i18n","localized"
"courses.continue","dictionary","Courses","i18n","localized"
"courses.start","dictionary","Courses","i18n","localized"
"course.loading","dictionary","Program Details","i18n","localized"
"course.back","dictionary","Program Details","i18n","localized"
"course.modules","dictionary","Program Details","i18n","localized"
"course.lessons","dictionary","Program Details","i18n","localized"
"course.module_header","dictionary","Program Details","i18n","localized"
"course.modules_preparing","dictionary","Program Details","i18n","localized"
"lesson.err_load","dictionary","Program Details","i18n","localized"
"chapter.loading","dictionary","Program Details","i18n","localized"
"paywall.completed_title","dictionary","Program Details","i18n","localized"
"paywall.completed_l1","dictionary","Program Details","i18n","localized"
"paywall.completed_l2","dictionary","Program Details","i18n","localized"
"paywall.per_month","dictionary","Program Details","i18n","localized"
"paywall.features","dictionary","Program Details","i18n","localized"
"paywall.unlock_cta","dictionary","Program Details","i18n","localized"
"paywall.go_back","dictionary","Program Details","i18n","localized"
"paywall.secure","dictionary","Program Details","i18n","localized"
"chapter.back","dictionary","Program Details","i18n","localized"
"chapter.lesson","dictionary","Program Details","i18n","localized"
"lesson.key_points","dictionary","Program Details","i18n","localized"
"chapter.transcript","dictionary","Program Details","i18n","localized"
"chapter.transcript_notice","dictionary","Program Details","i18n","localized"
"chapter.read_along","dictionary","Program Details","i18n","localized"
"chapter.visual_breakdown","dictionary","Program Details","i18n","localized"
"chapter.generating_visuals","dictionary","Program Details","i18n","localized"
"chapter.diagram","dictionary","Program Details","i18n","localized"
"chapter.instructor_subtitle","dictionary","Program Details","i18n","localized"
"chapter.speaking","dictionary","Program Details","i18n","localized"
"chapter.listening","dictionary","Program Details","i18n","localized"
"chapter.connecting","dictionary","Program Details","i18n","localized"
"chapter.connection_failed","dictionary","Program Details","i18n","localized"
"chapter.ready","dictionary","Program Details","i18n","localized"
"chapter.you","dictionary","Program Details","i18n","localized"
"chapter.start","dictionary","Program Details","i18n","localized"
"chapter.end_session","dictionary","Program Details","i18n","localized"
"chapter.close_study_guide","dictionary","Program Details","i18n","localized"
"chapter.course_study_guide","dictionary","Program Details","i18n","localized"
"chapter.study_guide","dictionary","Program Details","i18n","localized"
"chapter.read_only","dictionary","Program Details","i18n","localized"
"lesson.study_guide","dictionary","Program Details","i18n","localized"
"chapter.recap_complete","dictionary","Program Details","i18n","localized"
"chapter.continue_quiz","dictionary","Program Details","i18n","localized"
"chapter.continue_lesson","dictionary","Program Details","i18n","localized"
"chapter.no_lessons","dictionary","Program Details","i18n","localized"
"chapter.quiz.title","dictionary","Program Details","i18n","localized"
"chapter.quiz.ready","dictionary","Program Details","i18n","localized"
"interview.coach_title","dictionary","Interview","i18n","localized"
"interview.coach_locked","dictionary","Interview","i18n","localized"
"interview.view_plans","dictionary","Interview","i18n","localized"
"interview.title","dictionary","Interview","i18n","localized"
"interview.subtitle","dictionary","Interview","i18n","localized"
"interview.diff_","dictionary","Interview","i18n","localized"
"interview.how_it_works","dictionary","Interview","i18n","localized"
"interview.step1","dictionary","Interview","i18n","localized"
"interview.step2a","dictionary","Interview","i18n","localized"
"interview.step2b","dictionary","Interview","i18n","localized"
"interview.step3","dictionary","Interview","i18n","localized"
"interview.step4","dictionary","Interview","i18n","localized"
"interview.preparing","dictionary","Interview","i18n","localized"
"interview.interviewer","dictionary","Interview","i18n","localized"
"interview.placeholder","dictionary","Interview","i18n","localized"
"interview.tip","dictionary","Interview","i18n","localized"
"interview.next","dictionary","Interview","i18n","localized"
"interview.finish","dictionary","Interview","i18n","localized"
"interview.evaluating","dictionary","Interview","i18n","localized"
"interview.analyzing","dictionary","Interview","i18n","localized"
"interview.score_label","dictionary","Interview","i18n","localized"
"interview.metric_agile","dictionary","Interview","i18n","localized"
"interview.metric_leadership","dictionary","Interview","i18n","localized"
"interview.metric_communication","dictionary","Interview","i18n","localized"
"interview.metric_solving","dictionary","Interview","i18n","localized"
"interview.strengths","dictionary","Interview","i18n","localized"
"interview.areas","dictionary","Interview","i18n","localized"
"interview.ai_feedback","dictionary","Interview","i18n","localized"
"interview.try_again","dictionary","Interview","i18n","localized"
"interview.new_questions","dictionary","Interview","i18n","localized"
"err.notfound","dictionary","Other","i18n","localized"
"err.return_home","dictionary","Other","i18n","localized"
"portal.no_courses","dictionary","Dashboard","i18n","localized"
"portal.browse_courses","dictionary","Dashboard","i18n","localized"
"portal.live","dictionary","Dashboard","i18n","localized"
"portal.loading_courses","dictionary","Dashboard","i18n","localized"
"portal.prof_name","dictionary","Dashboard","i18n","localized"
"portal.prof_title","dictionary","Dashboard","i18n","localized"
"portal.this_week","dictionary","Dashboard","i18n","localized"
"portal.momentum_empty","dictionary","Dashboard","i18n","localized"
"portal.prof_analyzing","dictionary","Dashboard","i18n","localized"
"portal.prof_mentor","dictionary","Dashboard","i18n","localized"
"portal.prof_reviewing","dictionary","Dashboard","i18n","localized"
"portal.prof_personalizing","dictionary","Dashboard","i18n","localized"
"portal.prof_ready","dictionary","Dashboard","i18n","localized"
"portal.stat_overall","dictionary","Dashboard","i18n","localized"
"portal.stat_streak","dictionary","Dashboard","i18n","localized"
"portal.stat_points","dictionary","Dashboard","i18n","localized"
"portal.stat_active","dictionary","Dashboard","i18n","localized"
"portal.refresh","dictionary","Dashboard","i18n","localized"
"portal.get_analysis","dictionary","Dashboard","i18n","localized"
"portal.go_courses","dictionary","Dashboard","i18n","localized"
"cert.badge","dictionary","Other","i18n","localized"
"cert.h1a","dictionary","Other","i18n","localized"
"cert.h1b","dictionary","Other","i18n","localized"
"cert.sub","dictionary","Other","i18n","localized"
"cert.levels_label","dictionary","Other","i18n","localized"
"cert.levels_h2a","dictionary","Other","i18n","localized"
"cert.levels_assoc","dictionary","Other","i18n","localized"
"cert.levels_of","dictionary","Other","i18n","localized"
"cert.levels_fellow","dictionary","Other","i18n","localized"
"cert.level_of_7a","dictionary","Other","i18n","localized"
"cert.level_of_7b","dictionary","Other","i18n","localized"
"cert.weeks","dictionary","Other","i18n","localized"
"cert.active","dictionary","Other","i18n","localized"
"cert.how_label","dictionary","Other","i18n","localized"
"cert.how_h2a","dictionary","Other","i18n","localized"
"cert.how_h2b","dictionary","Other","i18n","localized"
"cert.cta_h2a","dictionary","Other","i18n","localized"
"cert.cta_h2b","dictionary","Other","i18n","localized"
"cert.cta_sub","dictionary","Other","i18n","localized"
"cert.enroll_btn","dictionary","Other","i18n","localized"
"cert.view_btn","dictionary","Other","i18n","localized"
"mentor.hero_sub","dictionary","AI Mentor","i18n","localized"
"mentor.soon","dictionary","AI Mentor","i18n","localized"
"mentor.title","dictionary","AI Mentor","i18n","localized"
"courses.translations","database","Courses / Program Details","content-ops","audit-required"
"chapters.translations","database","Courses / Program Details","content-ops","audit-required"
"videos.translations","database","Courses / Program Details","content-ops","audit-required"
"src/data/simulations.ts (≈375 strings)","simulation","Simulations","content-ops","not-localized"
"aiScrumMasterFull.ts (curriculum titles/objectives)","structured-code","Flagship","curriculum","protected/course-content"
"resourcesData.ts","structured-code","Resources","content-ops","review-required"